{
    "1980-FOOD": {
        "max": 16605.634952788696,
        "min": 3765.879894068756
    },
    "1980-HOUSING": {
        "max": 7501.882705561258,
        "min": -8.793880436223674
    },
    "1980-TRANSPORT": {
        "max": 31944.98812148386,
        "min": 163.31581448215206
    },
    "1980-GOODS": {
        "max": 6606.226872119784,
        "min": 950.2314335314187
    },
    "1980-SERVICE": {
        "max": 8496.48690006333,
        "min": 346.43100153873604
    },
    "1980-TOTAL": {
        "max": 59506.522983138646,
        "min": 5862.88060449058
    },
    "1980-WHITE": {
        "max": 1.0,
        "min": 0.0
    },
    "1980-BLACK": {
        "max": 1.0,
        "min": 0.0
    },
    "1980-HISPANIC": {
        "max": 1.0,
        "min": 0.0
    },
    "1980-DEGREE": {
        "max": 1.0,
        "min": 0.0
    },
    "1980-HOUSEHOLD SIZE": {
        "max": 5.725553158,
        "min": 1.0
    },
    "1980-INCOME": {
        "max": 75001.0,
        "min": 0.0
    },
    "1980-TENURE": {
        "max": 1.0,
        "min": 0.0
    },
    "1990-FOOD": {
        "max": 16919.111803905434,
        "min": 3535.96207094483
    },
    "1990-HOUSING": {
        "max": 7303.82894143374,
        "min": 336.953336652537
    },
    "1990-TRANSPORT": {
        "max": 33645.92667765164,
        "min": -298.9711140681727
    },
    "1990-GOODS": {
        "max": 7349.914960721036,
        "min": 642.0084912083579
    },
    "1990-SERVICE": {
        "max": 10615.553924372043,
        "min": -107.18370090674296
    },
    "1990-TOTAL": {
        "max": 74098.20421497028,
        "min": 4901.531300587394
    },
    "1990-WHITE": {
        "max": 1.0,
        "min": 0.0
    },
    "1990-BLACK": {
        "max": 1.0,
        "min": 0.0
    },
    "1990-HISPANIC": {
        "max": 1.0,
        "min": 0.0
    },
    "1990-DEGREE": {
        "max": 1.000000000000003,
        "min": 0.0
    },
    "1990-HOUSEHOLD SIZE": {
        "max": 6.064587973273939,
        "min": 1.0
    },
    "1990-INCOME": {
        "max": 150001.0,
        "min": 0.0
    },
    "1990-TENURE": {
        "max": 1.0,
        "min": 0.0
    },
    "2000-FOOD": {
        "max": 27110.809629572734,
        "min": 2567.1996044974017
    },
    "2000-HOUSING": {
        "max": 7392.4712772228695,
        "min": 360.72866359171707
    },
    "2000-TRANSPORT": {
        "max": 40519.50213089517,
        "min": 342.4983724320855
    },
    "2000-GOODS": {
        "max": 5532.735241808975,
        "min": 373.0962980631294
    },
    "2000-SERVICE": {
        "max": 9480.756979273547,
        "min": -189.06990128751931
    },
    "2000-TOTAL": {
        "max": 81276.38293881802,
        "min": 4667.213600653636
    },
    "2000-WHITE": {
        "max": 1.0,
        "min": 0.0
    },
    "2000-BLACK": {
        "max": 1.0,
        "min": 0.0
    },
    "2000-HISPANIC": {
        "max": 1.0,
        "min": 0.0
    },
    "2000-DEGREE": {
        "max": 1.0,
        "min": 0.0
    },
    "2000-HOUSEHOLD SIZE": {
        "max": 23.38,
        "min": 0.0
    },
    "2000-INCOME": {
        "max": 200001.0,
        "min": 0.0
    },
    "2000-TENURE": {
        "max": 1.0,
        "min": 0.0
    },
    "2010-FOOD": {
        "max": 9088.342415836623,
        "min": 2398.9596875200255
    },
    "2010-HOUSING": {
        "max": 4345.826134256825,
        "min": 128.36642427720182
    },
    "2010-TRANSPORT": {
        "max": 375034.7790373188,
        "min": -770.4701801479263
    },
    "2010-GOODS": {
        "max": 4129.42961478662,
        "min": 189.00208896505507
    },
    "2010-SERVICE": {
        "max": 7838.851257638882,
        "min": -513.9727995063939
    },
    "2010-TOTAL": {
        "max": 391850.6379209036,
        "min": 2600.895215922513
    },
    "2010-WHITE": {
        "max": 1.0,
        "min": 0.0
    },
    "2010-BLACK": {
        "max": 1.0,
        "min": 0.0
    },
    "2010-HISPANIC": {
        "max": 1.0,
        "min": 0.0
    },
    "2010-DEGREE": {
        "max": 3.0,
        "min": 0.0
    },
    "2010-HOUSEHOLD SIZE": {
        "max": 7.46,
        "min": 0.0
    },
    "2010-INCOME": {
        "max": 250001.0,
        "min": 0.0
    },
    "2010-TENURE": {
        "max": 1.0,
        "min": 0.0
    },
    "2018-FOOD": {
        "max": 14028.183680643586,
        "min": 2856.5034031421683
    },
    "2018-HOUSING": {
        "max": 4326.727961066496,
        "min": 460.0205962602581
    },
    "2018-TRANSPORT": {
        "max": 32962.629477165865,
        "min": 1879.9403677467403
    },
    "2018-GOODS": {
        "max": 3438.745967494514,
        "min": 466.89058566138453
    },
    "2018-SERVICE": {
        "max": 6012.265598012467,
        "min": -31.946833630517574
    },
    "2018-TOTAL": {
        "max": 57784.485971318274,
        "min": 6013.719748197625
    },
    "2018-WHITE": {
        "max": 1.0,
        "min": 0.0
    },
    "2018-BLACK": {
        "max": 1.0,
        "min": 0.0
    },
    "2018-HISPANIC": {
        "max": 1.0,
        "min": 0.0
    },
    "2018-DEGREE": {
        "max": 1.0,
        "min": 0.0
    },
    "2018-HOUSEHOLD SIZE": {
        "max": 6.63,
        "min": 0.0
    },
    "2018-INCOME": {
        "max": 250001,
        "min": 3998
    },
    "2018-TENURE": {
        "max": 1.0,
        "min": 0.0
    },
    "1980-1990-FOOD": {
        "max": 7937.311984060834,
        "min": -6731.843959063257
    },
    "1980-1990-HOUSING": {
        "max": 4654.179858847108,
        "min": -3401.23223324787
    },
    "1980-1990-TRANSPORT": {
        "max": 23522.263834110778,
        "min": -10306.042808836151
    },
    "1980-1990-GOODS": {
        "max": 4512.789932050269,
        "min": -3820.2008556355286
    },
    "1980-1990-SERVICE": {
        "max": 7924.507418990976,
        "min": -5497.419600200466
    },
    "1980-1990-TOTAL": {
        "max": 44691.313233847555,
        "min": -26521.369991666397
    },
    "1980-1990-WHITE": {
        "max": 0.976155215934868,
        "min": -1.0
    },
    "1980-1990-BLACK": {
        "max": 1.0,
        "min": -0.7766938232604659
    },
    "1980-1990-HISPANIC": {
        "max": 1.0,
        "min": -1.0
    },
    "1980-1990-DEGREE": {
        "max": 0.7600946615425627,
        "min": -0.6662804812723002
    },
    "1980-1990-HOUSEHOLD SIZE": {
        "max": 4.666666667000001,
        "min": -1.7123430647312188
    },
    "1980-1990-INCOME": {
        "max": 132085.0,
        "min": -62499.0
    },
    "1980-1990-TENURE": {
        "max": 1.0,
        "min": -1.0
    },
    "1980-2000-FOOD": {
        "max": 9541.489456229972,
        "min": -9056.09676748962
    },
    "1980-2000-HOUSING": {
        "max": 3773.649886150857,
        "min": -3714.08447288577
    },
    "1980-2000-TRANSPORT": {
        "max": 21619.984515922704,
        "min": -11478.50264970287
    },
    "1980-2000-GOODS": {
        "max": 2856.4520632624954,
        "min": -3416.934418852803
    },
    "1980-2000-SERVICE": {
        "max": 7087.664228160837,
        "min": -4092.4855819664076
    },
    "1980-2000-TOTAL": {
        "max": 34333.9422492672,
        "min": -27247.323652801642
    },
    "1980-2000-WHITE": {
        "max": 0.8188509287420372,
        "min": -1.0
    },
    "1980-2000-BLACK": {
        "max": 1.0,
        "min": -0.7593828188990749
    },
    "1980-2000-HISPANIC": {
        "max": 0.936202988,
        "min": -0.9444444444444444
    },
    "1980-2000-DEGREE": {
        "max": 0.888441248,
        "min": -1.0
    },
    "1980-2000-HOUSEHOLD SIZE": {
        "max": 11.756290868135899,
        "min": -4.575526028213655
    },
    "1980-2000-INCOME": {
        "max": 193458.0,
        "min": -36079.0
    },
    "1980-2000-TENURE": {
        "max": 1.0,
        "min": -1.0
    },
    "1980-2010-FOOD": {
        "max": 2338.909683462594,
        "min": -9602.346012278209
    },
    "1980-2010-HOUSING": {
        "max": 1855.989092187047,
        "min": -4556.214069799981
    },