{
    "2018": {
        "FOODHOME_LN": {
            "min": 2190.067891396882,
            "max": 12495.033937025453
        },
        "FOODAWAY": {
            "min": 360.5862070990223,
            "max": 1713.7752934916803
        },
        "ALCBEV": {
            "min": 75.3003794559112,
            "max": 510.39647183888513
        },
        "OWNDWE": {
            "min": -228.12717047135516,
            "max": 1132.6655071897162
        },
        "RENTDWE": {
            "min": -22.359758747929636,
            "max": 310.7627986877592
        },
        "OTHLOD": {
            "min": -194.79462425443367,
            "max": 720.6843149269239
        },
        "UTIL": {
            "min": 510.3754948845684,
            "max": 2635.114141938268
        },
        "HOUSOP": {
            "min": 1.1562690934543598,
            "max": 288.35151825612746
        },
        "HOUKEEP": {
            "min": 67.53540500489488,
            "max": 301.4457059331343
        },
        "HOUSEQ": {
            "min": 132.6933782952263,
            "max": 2061.214140631249
        },
        "APPR": {
            "min": 105.76789428625086,
            "max": 906.3211400755721
        },
        "VEHPUR": {
            "min": -611.002134722636,
            "max": 6658.565286900793
        },
        "GASOIL": {
            "min": 43.42081297172516,
            "max": 282.5238540474639
        },
        "OTHVEH": {
            "min": 132.60338971216842,
            "max": 622.6798869290271
        },
        "PUBTRAN": {
            "min": 51.5485335574712,
            "max": 882.9657083151374
        },
        "HEALTH": {
            "min": 104.46963011609454,
            "max": 718.0436148388311
        },
        "ENTER": {
            "min": -25.165062416483284,
            "max": 1410.099502821433
        },
        "PERCARE": {
            "min": 38.61423995869897,
            "max": 223.23524164117006
        },
        "READING": {
            "min": -2.721385643419394,
            "max": 30.59403537776309
        },
        "EDUC": {
            "min": -169.13919472853536,
            "max": 698.010329790255
        },
        "TABACC": {
            "min": 10.748423767534424,
            "max": 150.10019176435654
        },
        "MISCELL": {
            "min": 8.335225388250697,
            "max": 173.44982897893132
        },
        "CASHCON": {
            "min": -149.1360974364498,
            "max": 418.6465907127175
        },
        "PERINC": {
            "min": 105.21293390366262,
            "max": 2459.729547446472
        },
        "VMT": {
            "min": 4272.314694,
            "max": 55263.55044
        },
        "VMT_CO2": {
            "min": 2058.9468404819277,
            "max": 26633.03635662651
        },
        "FOOD": {
            "min": 2856.5034031421683,
            "max": 14028.183680643586
        },
        "HOUSING": {
            "min": 460.0205962602581,
            "max": 4326.727961066496
        },
        "TRANSPORT": {
            "min": 1879.9403677467403,
            "max": 32962.629477165865
        },
        "GOODS": {
            "min": 466.89058566138453,
            "max": 3438.745967494514
        },
        "SERVICE": {
            "min": -31.946833630517574,
            "max": 6213.743265207125
        },
        "TOTAL": {
            "min": 6013.719748197625,
            "max": 57784.485971318274
        }
    }
}