{
    "FOOD": {
        "min": 2398.9596875200255,
        "max": 27110.809629572734
    },
    "COMPARISION-FOOD": {
        "min": -20618.161955660722,
        "max": 19178.340270846704
    },
    "HOUSING": {
        "min": -8.793880436223674,
        "max": 7501.882705561258
    },
    "COMPARISION-HOUSING": {
        "min": -5151.235176371551,
        "max": 4654.179858847108
    },
    "TRANSPORT": {
        "min": -770.4701801479263,
        "max": 375034.7790373188
    },
    "COMPARISION-TRANSPORT": {
        "min": -171752.19415462684,
        "max": 366575.2795912671
    },
    "GOODS": {
        "min": 189.00208896505507,
        "max": 7349.914960721036
    },
    "COMPARISION-GOODS": {
        "min": -4368.522544168887,
        "max": 4512.789932050269
    },
    "SERVICE": {
        "min": -513.9727995063939,
        "max": 10615.553924372043
    },
    "COMPARISION-SERVICE": {
        "min": -5937.425790816953,
        "max": 7924.507418990976
    },
    "TOTAL": {
        "min": 2600.895215922513,
        "max": 391850.6379209036
    },
    "COMPARISION-TOTAL": {
        "min": -175212.08737123318,
        "max": 372456.993644172
    }
}