{
    "FOOD": [
        2398.9596875200255,
        5220.6257579887015,
        5889.613327203299,
        6489.690990887641,
        7130.988553990466,
        7818.384947995001,
        8560.21818400785,
        9386.34403885275,
        10344.538664651516,
        11628.29564814998,
        27110.809629572734
    ],
    "HOUSING": [
        -8.793880436223674,
        1516.8117627666095,
        2003.546245560618,
        2376.5431322484446,
        2708.9703773617284,
        3041.575406672788,
        3398.445139202656,
        3812.754543056433,
        4331.034851509267,
        5040.19993886946,
        7501.882705561258
    ],
    "TRANSPORT": [
        -770.4701801479263,
        6094.490215561243,
        9274.833797275303,
        11866.010946018761,
        14459.591202995653,
        17573.017136014292,
        21966.887997782927,
        29101.130405575797,
        41894.038045666224,
        137912.15886139558,
        375034.7790373188
    ],
    "GOODS": [
        189.00208896505507,
        1367.1851676635536,
        1690.6140708532917,
        1948.919512769419,
        2202.713007650465,
        2481.3409859035364,
        2798.26559959113,
        3170.816679446547,
        3649.888948450755,
        4417.396291477424,
        7349.914960721036
    ],
    "SERVICE": [
        -513.9727995063939,
        1345.289948758796,
        1862.199644278348,
        2279.1334632061075,
        2670.1583476609067,
        3076.3920884743825,
        3540.9122072395794,
        4109.347416946938,
        4871.275167999153,
        6093.528131242823,
        10615.553924372043
    ],
    "TOTAL": [
        2600.895215922513,
        16290.484027489269,
        21009.159271550234,
        24832.59277135743,
        28435.23400622671,
        32222.021533850962,
        36640.94523180518,
        42755.14953476053,
        53620.056216007964,
        155860.47982358676,
        391850.6379209036
    ],
    "WHITE": [
        0.0,
        0.1314618806565424,
        0.27283198946848775,
        0.40123729562527616,
        0.5181061760225009,
        0.6241820768136558,
        0.7194405027366714,
        0.804223228,
        0.8791730879766199,
        0.9440852034994295,
        1.0
    ],
    "COMPARISION-FOOD": [
        -20618.161955660722,
        -4743.289729817491,
        -3731.5403282258794,
        -2966.9894398115002,
        -2303.401352000624,
        -1683.6000973700357,
        -1105.4923573128372,
        -497.0630637364284,
        206.44686221954453,
        1196.9359365068249,
        19178.340270846704
    ],
    "COMPARISION-HOUSING": [
        -5151.235176371551,
        -2160.464116086254,
        -1561.6692179276997,
        -1171.3533266335185,
        -874.2625492720144,
        -619.3847995781971,
        -363.6227133588218,
        -95.94571411608149,
        178.32220143215682,
        635.6860194916094,
        4654.179858847108
    ],
    "COMPARISION-TRANSPORT": [
        -171752.19415462684,
        -17205.108020693297,
        -7770.60233265372,
        -3353.790419547975,
        -342.47568873760247,
        2460.4950695176994,
        5985.578159227422,
        12376.505082933345,
        25012.73801866811,
        172533.05576836414,
        366575.2795912671
    ],
    "COMPARISION-GOODS": [
        -4368.522544168887,
        -1857.1965257215775,
        -1324.0289522146363,
        -1012.6691915263189,
        -769.08471221236,
        -552.2626528643718,
        -342.3410753964954,
        -134.11767256000894,
        78.3193015067377,
        373.5361641550587,
        4512.789932050269
    ],
    "COMPARISION-SERVICE": [
        -5937.425790816953,
        -1799.673924539329,
        -994.9521583536452,
        -564.4281863536662,
        -248.59460652421194,
        31.059899107988485,
        309.685921240889,
        618.8595879540208,
        1038.8167855447582,
        1791.5887240698512,
        7924.507418990976
    ],
    "COMPARISION-TOTAL": [
        -175212.08737123318,
        -16968.124792250077,
        -9695.083549767885,
        -5884.124142153778,
        -2774.1596976850233,
        311.75325440731103,
        3788.583749854526,
        9508.095502664743,
        20890.519464573754,
        132085.2994053899,
        372456.993644172
    ],
    "COMPARISION-WHITE": [
        -1.0,
        -0.5232051638128908,
        -0.35508126515363875,
        -0.24003284646500456,
        -0.15278498441874433,
        -0.08410899877860989,
        -0.0290700794888763,
        0.034179567691337676,
        0.13246688720522093,
        0.28572194808781914,
        1.0
    ]
}