{"FOOD": [2398.9596875200255, 5581.7362462034525, 6408.704332912335, 7298.662849820448, 8307.385705172122, 9443.127248881747, 10857.520476619762, 27110.809629572734], "HOUSING": [-8.793880436223674, 1732.7145762070704, 2297.188362976378, 2765.3577891738028, 3241.428905983762, 3798.040346016488, 4560.438318957667, 7501.882705561258], "TRANSPORT": [-770.4701801479263, 7690.26045897409, 11587.54348000171, 15398.378063292514, 20775.4275973023, 31277.4953571343, 137912.15886139558, 375034.7790373188], "GOODS": [189.00208896505507, 1546.5534260488253, 1928.1485308121673, 2287.155748302011, 2691.092956822404, 3186.6698781590712, 3926.6264661431937, 7349.914960721036], "SERVICE": [-513.9727995063939, 1621.6074209374874, 2242.19359887085, 2788.4531840586624, 3380.0736564070357, 4129.33634655386, 5288.833754384659, 10615.553924372043], "TOTAL": [2600.895215922513, 17934.642049130824, 23312.39737142749, 27974.852431901774, 32878.23109981741, 39053.592841273596, 49689.316339668454, 391850.6379209036], "WHITE": [0.0, 0.19250871080139373, 0.3866955110870738, 0.5522133938706016, 0.6954426821923309, 0.8164513936097892, 0.917404193, 1.0], "COMPARISION-FOOD": [-20618.161955660722, -4183.579049859713, -3049.9447346464267, -2139.5678501796983, -1320.9740597626414, -443.4877993687369, 579.4940087847244, 19178.340270846704], "COMPARISION-HOUSING": [-5151.235176371551, -1797.5998372623308, -1212.9116321965203, -820.7142575705748, -482.5373809806274, -131.06274926896413, 255.28074446149822, 4654.179858847108], "COMPARISION-TRANSPORT": [-171752.19415462684, -10981.84653176213, -2996.089512185061, 930.0671321997143, 5711.720070235153, 15358.673649508813, 129276.10350879443, 366575.2795912671], "COMPARISION-GOODS": [-4368.522544168887, -1532.8197400432546, -1041.0073604997656, -710.9717089897135, -419.7981471855901, -134.53072117692955, 177.99754914700202, 4512.789932050269], "COMPARISION-SERVICE": [-5937.425790816953, -1245.7032573043052, -575.0717710484446, -156.55256244001293, 216.8240586297029, 634.3614412191614, 1331.9722269945123, 7924.507418990976], "COMPARISION-TOTAL": [-175212.08737123318, -11823.083321277325, -5782.938138612368, -1511.305180204272, 3094.629674270449, 11991.382581759928, 132085.2994053899, 372456.993644172], "COMPARISION-WHITE": [-1.0, -0.4258065938311688, -0.24997407283587592, -0.13174857393066353, -0.04567776359382014, 0.047622717577464835, 0.20505110854179354, 1.0]}